{"cameraMode":{"drawMode":0,"name":"Shaded","section":"Shading Mode"},"sceneLighting":true,"audioPlay":false,"sceneViewState":{"m_AlwaysRefresh":false,"showFog":true,"showSkybox":true,"showFlares":true,"showImageEffects":true,"showParticleSystems":true,"showVisualEffectGraphs":true,"m_FxEnabled":true},"in2DMode":false,"pivot":{"x":526.1844482421875,"y":250.60403442382813,"z":222.61529541015626},"rotation":{"x":-0.00899892020970583,"y":-0.000601923733484,"z":-0.000005245123247732408,"w":0.9999604821205139},"size":486.16644287109377,"orthographic":false}